Id,Name,Zone,Toldescribe,Description,Tel,Add,Zipcode,Region,Town,Travellinginfo,Opentime,Picture1,Picdescribe1,Picture2,Picdescribe2,Picture3,Picdescribe3,Map,Gov,Px,Py,Orgclass,Class1,Class2,Class3,Level,Website,Parkinginfo,Parkinginfo_Px,Parkinginfo_Py,Ticketinfo,Remarks,Keyword,Changetime,seg,year
C1_313020000G_000136,臺灣菸酒(股)公司林口觀光酒廠,,林口酒廠為擁有近百年歷史的台北酒廠(1921)、板橋酒廠(1937)、樹林酒廠(1906)合併而成的新酒廠，於民國76年春正式啟用量產。原三酒廠各具有不同產品與文化特色，合併後發展為北部地區產能最大、設備最現代化的米糧釀造酒生產工廠。 林口酒廠成立以來一直是以生產紹興酒為主，民國85年利用原紹興酒生產設備釀製日式清酒，成功推出「玉泉清酒」，為全國唯一生產日式清酒之酒廠。民國93年為解決清酒粕副產物問題，開發「台酒清酒粕面膜」產品，定位為天然護膚保養素材，盛況一時，被喻為「窮人的SKII」。民國94年再創新研發，結合東方紅麴與西方葡萄酒，推出具養生概念且適合台灣人口味的「玉泉紅麴葡萄酒」，深獲社會大眾喜愛，為台灣市佔率最高的葡萄酒品牌。 林口酒廠不但致力各項酒類研發，生產方式也變得更加多元。民國96年將釀酒紅麴與餅乾大廠合作開發「台酒紅麴養生薄餅」，風味獨特造成搶購熱潮，風行海內外，短短1年半內創造超過10億元營業額，成為餅乾界之奇蹟。為朝多角化經營，除從事酒品生產外並設置有展售中心，內設「清酒館」「紅麴館」「酒銀行」等製程展館，開放民眾或外來觀光客參觀，一方面讓參訪者可了解製酒的過程與歷史，一方面也促使林口酒廠與工業區內其他景點(如台塑文物館、竹林寺、台塑醫療園區、華亞科技園區等)以及鄰近之鶯歌鎮產業等連結，形成地方產業文化觀光特色主題，除帶動產業觀光，更提昇桃園縣觀光旅遊系統的豐富性。 林口酒廠為配合公司資產活化政策，結合桃園縣推展航空城計畫以及機場捷運線開通啟用，集酒類生產、產業歷史、市場地利等基礎，結合產業文化、創意藝術、人文等資源以塑造工廠公園化，打造清酒意象文化園區，串聯週邊城廓、名勝、景點及公共設施，建構成北部地區指標性之觀光酒廠，期能吸引北臺灣800萬人口，來廠觀光遊憩進而增裕營收。,林口酒廠為北部地區產能最大、設備最現代化的清酒、紅麴葡萄酒生產工廠。廠內有產品推廣中心，開放參觀製酒過程與歷史，與桃園其他景點連結地方文化特色主題，帶動觀光提昇旅遊的豐富性。,886-3-3283001#430,桃園縣龜山鄉文化一路55號,333.0,桃園市,龜山區,,,,,,,,,,313020000G,121.375231,25.056168,觀光工廠,1,14.0,,9.0,http://event.ttl-eshop.com.tw/lk/,,121.375231,25.056168,收費方式請電洽,詳細參觀訊息請逕洽廠商網站說明,林口，菸酒，酒廠，觀光工廠,2013/7/13 15:00,"['酒廠', '清酒', '民國', '生產', '林口', '觀光', '園區', '台塑', '葡萄酒', '歷史', '產品', '地區', '設備', '工廠', '興酒', '開發', '研發', '景點', '產業', '日式', '文化', '玉泉', '竹林寺', '多角化', '特色', '一方面', '擁有', '1921', '板橋', '1937', '樹林', '1906', '76', '年春', '原三酒', '發展', '產能', '現代化', '糧釀', '以來', '生產紹', '85', '原紹', '全國', '之酒', '93', '解決', '產物', '問題', '台酒', '護膚', '保養', '盛況', '一時', '喻為', '窮人', 'SKII', '94', '創新', '結合', '東方紅', '具養生', '適合', '台灣', '深獲', '社會', '大眾', '喜愛', '台灣市', '佔率', '各項', '酒類', '變得', '96', '將釀', '酒紅', '餅乾大廠', '台酒紅', '養生', '薄餅', '風味', '獨特', '搶購', '熱潮', '風行', '海內外', '年半內', '創造', '超過', '10', '億元', '營業額', '成為餅', '乾界', '之奇', '經營', '酒品', '生產外', '並設', '展售', '內設', '酒銀行', '開放民眾', '外來', '觀光客', '參觀', '參訪者', '工業區', '醫療', '華亞', '鄰近', '之鶯歌', '鎮產業', '連結', '主題', '除帶', '動產業', '桃園', '旅遊系統', '豐富性', '資產', '結合桃園', '城計畫', '機場', '捷運線', '開通', '啟用', '集酒類', '市場', '基礎', '結合產業', '創意', '藝術', '資源', '公園化', '串聯', '週邊', '城廓', '名勝', '設施', '建構', '指標性', '期能', '800', '來廠', '觀光遊', '憩進', '增裕', '營收', '北部']",2013
C1_376430000A_000134,台塑企業文物館,,■線上預約系統&gt;&gt;如連結■台塑企業文物館LINE官方帳號&gt;&gt;如連結台塑企業緣起於西元 1954 年創立之台灣塑膠公司，從日產四噸 PVC 粉開始，是世界上唯一僅見的最小生產規模，歷經數十年努力，突破種種困境，目前成為全球最大的 PVC 粉生產廠之一，不但開啟台灣石化工業的萌芽契機，更帶動了塑膠加工業蓬勃發展，對於國家經濟發展貢獻良多。台塑企業的多角化發展，由塑膠工業起步，逐漸跨足石化、纖維、紡織、電子、運輸、重工、能源、汽車、生物科技等產業，同時拓展海外投資事業。在企業發展過程中，本著「取之於社會，用之於社會」的宗旨，也著手開辦醫療、教育等社會公益事業，回饋社會大眾，是目前國內最大的民營企業之一。           為了記錄企業奮鬥及成長歷程，並將發展過程之相關文物作一完整收藏，以呈現台塑企業之文化精髓，乃籌設「台塑企業文物館」，並期許以此做為企業永續發展之資訊中心，傳承企業精神，同時希望社會大眾經由認識台塑企業整體發展歷程，進而體會台灣戰後經濟發展之深刻內涵。,張張泛黃的照片、影音資料等豐富文物，揭露台塑企業如何從小規模的公司，成為台灣塑膠產業龍頭，繼而挺進世界舞台的過程。,886-3-2118800#3392,桃園市333龜山區文化一路259號,333.0,桃園市,龜山區,1.於桃園搭乘桃園客運5116線或汎航客運2003線，於長庚醫院站下車，轉搭乘長庚大學交通車即抵。2.於中壢搭乘汎航客運2004線，於長庚醫院站下車，轉搭乘長庚大學交通車即抵。3.於龍潭搭乘桃園客運701線，或於大溪搭乘桃園客運702線，於長庚醫院站下車，轉搭乘長庚大學交通車即抵。,週二∼週日 9:00~17:00（16:30後謝絕入館，週一、選舉日、農曆除夕至年初三休館）,https://travel.tycg.gov.tw/content/images/attractions/35234/640x480_attractions-image-rt60sob6okwf9z2ke7hb6a.jpg,台塑企業文物館　外觀,,,,,,376430000A,121.38812,25.03459,,1,,,,,可使用校園平面停車格，為配合長庚大學外來車輛之管制，凡至本館參觀之汽機車，汽車進入校園時需換證取得〔臨時停車證〕及〔收費計時卡〕；機車進入機車停場後取得代幣。離館前至服務台領取停車...,,,免費,導覽預約方式：►專人導覽：每日共計四梯次( 9:00 / 10:30 / 13:30 / 15:00 )1.每梯次提供三個團體(至少五人、至多四十五人)專人導覽服務。2.需華、台語...,,2022/3/24 15:57,"['企業', '發展', '台塑', '社會', 'gt', '塑膠', '如連結', '台灣', 'PVC', '同時', '過程', '大眾', '歷程', '文物', '多角化', '線上', '預約', '系統', 'LINE', '帳號', '企業緣', '西元', '1954', '創立', '日產四噸', '粉開始', '僅見', '生產', '規模', '歷經數', '種種', '成為', '粉生', '產廠', '開啟', '台灣石', '業的', '契機', '帶動', '國家', '經濟', '貢獻', '工業', '逐漸', '跨足', '纖維', '紡織', '電子', '運輸', '汽車', '產業', '投資事業', '本著', '著手', '開辦', '醫療', '事業', '回饋', '國內', '民營', '記錄', '奮鬥及', '成長', '並將', '相關', '作一', '以呈現', '乃籌設', '並期許', '永續', '資訊', '傳承', '經由', '認識', '整體', '進而體', '戰後經濟', '內涵', '生物科技', '良多', '蓬勃', '精髓', '之一', '最大', '公益', '萌芽', '目前', '起步', '困境', '宗旨', '收藏', '拓展', '最小', '官方', '重工', '以此', '深刻', '石化', '完整', '十年', '化工', '不但', '能源', '努力', '加工', '唯一', '海外', '教育', '突破', '精神', '希望', '文化', '全球', '中心', '世界', '公司']",2022
C1_376430000A_000135,桃園酒廠,,行經文化一路，目光很難不被巨大酒瓶模型吸引過去；這裡是北部擁有最大產出率的酒廠－桃園酒廠(2014年由林口酒廠更名)，整併台北酒廠、板橋酒廠、樹林酒廠後，目前為設備最新的製酒工廠。酒廠旁公園有著酒甕裝置藝術，入口步道葡萄藤蔓環繞，綠樹林立，充滿悠然品酒氛圍。桃園酒廠為全台第一家現代化、也是唯一生產日式清酒的釀製廠，廠內詳盡介紹悠久釀酒歷史，並可看到桃園酒廠最具代表性的產品－「玉泉清酒｣，從米的挑選、浸泡、到酒麴發酵等製程，皆以小型模型完整呈現。近聞酒粕散發的高雅香氣，令人期待製成的清酒滋味。現場提供清酒試喝，溫潤口感，一飲難忘。廠內的「酒銀行｣，即是大眾熟知的酒窖，中式婉約的室內空間，營造品酒吟釀的愉悅。每一甕記名的女兒紅、狀元紅，象徵著對子女的祈願，整室芬芳，令人徹底沉醉於歲月沉香。       酒廠特別針對團體開設DIY體驗課程，最受歡迎的鹽麴、酒粕手工皂教學製作，過程簡單，不只大、小朋友都玩得不亦樂乎，天然護膚效果也深受女性顧客喜愛。此外，還有運用近年來在日本討論度極高的鹽麴製作，以及創意調酒，讓豐富的口感大肆刺激味蕾。逛酒廠除了有好酒禮盒為絕佳伴手禮，沒有品酒習慣的旅客亦可選購酒類周邊產品－如內含「平民版的SK II｣的「清酒粕面膜｣、引起搶購潮的「紅麴養身薄餅｣、風味絕佳的「紹興香腸｣等等，讓人入酒廠而不空手而歸。,享譽國際的玉泉清酒是怎麼製作的﹖來趟酒廠除了認識隱藏在溫潤口感之下的文化內涵，還能DIY酒粕皂、鹽麴，深究清酒之奧妙。,886-3-3283001#380,桃園市333龜山區文化一路55號,333.0,桃園市,龜山區,1.搭乘桃園客運5116線或汎航客運2003線，於長庚醫院站下車，沿文化一路往體育學院方向直行800公尺即抵。2.搭乘汎航客運2004線，於長庚醫院站下車，沿文化一路往體育學院方向直行800公尺即抵。3.搭乘桃園客運701線或702線，於長庚醫院站下車，沿文化一路往體育學院方向直行800公尺即抵。4.搭乘桃園機場捷運於A8長庚醫院站下車，步行約600公尺即抵。,工廠週一至週五08:10-15:30 （例假日休館），產品推廣中心08:10-17:00（全年無休、除夕日除外）,https://travel.tycg.gov.tw/content/images/attractions/18953/640x480_files636173280993791010.jpg,產品推廣中心,,,,,,376430000A,121.37473,25.05694,,1,,,,,備有停車場。,,,工廠導覽券成人票100元、學生票（18歲以下）50元，可抵當日消費。產品推廣中心展場免費參觀。,■10人以上團體導覽需事先填寫申請表，並書面傳真（03-3280208）確認預約日期與人數。■目前僅接受10人以上團體預約導覽，不接受散客及併團。 ■DIY課程費用團體報名(採預約...,,2022/11/1 16:29,"['酒廠', '清酒', '桃園', '品酒', '廠內', '產品', '酒粕', '口感', '模型', '令人', '酒窖', '行經', '很難', '過去', '這裡', '擁有', '產出', '2014', '板橋', '樹林', '設備', '旁公園', '裝置', '藝術', '環繞', '綠樹', '充滿', '氛圍', '現代化', '生產', '詳盡', '介紹', '釀酒', '歷史', '並可', '從米', '挑選', '發酵', '呈現', '近聞', '散發', '香氣', '現場', '試喝', '溫潤', '一飲', '酒銀行', '大眾', '婉約', '空間', '營造', '吟釀', '愉悅', '每一', '記名', '女兒紅', '狀元紅', '象徵著', '祈願', '整室', '徹底', '特別', '針對', '團體', '開設', 'DIY', '體驗', '課程', '歡迎', '皂教', '過程', '簡單', '不亦樂乎', '護膚', '顧客', '喜愛', '還有', '運用', '討論度', '極高', '創意', '調酒', '豐富', '酒禮盒', '絕佳伴', '手禮', '沒有', '習慣', '選購', '酒類', '周邊', '如內', 'SK', 'II', '購潮', '養身', '薄餅', '風味', '絕佳', '紹興', '香腸', '人入', '日式', '林口', '全台', '味蕾', '藤蔓', '沉醉', '悠然', '空手', '玉泉', '沉香', '小朋友', '中式', '面膜', '酒瓶', '芬芳', '高雅', '浸泡', '熟知', '最受', '悠久', '林立', '台北', '第一家', '入口', '大肆', '旅客', '手工', '亦可', '滋味', '最具', '更名', '葡萄', '近年', '子女', '深受', '代表性', '平民', '小型', '期待', '女性', '完整', '天然', '一路', '目光', '吸引', '最新', '效果', '唯一']",2022
C1_376430000A_000137,南僑桃園生活體驗園區,,"■因應疫情，即日起暫停開放，詳如連結。南僑桃園廠創立於1971年，佔地15,000坪，2012年成立觀光工廠，是桃園龜山工業區第一家獲選的工廠。南僑桃園生活體驗園區推出多項DIY體驗活動，包括水晶肥皂古早打印、比薩DIY、泰式青木瓜沙拉DIY、泰式春捲DIY，讓民眾親自動手體驗，深獲遊客喜愛。 另為推廣餐飲美食文化，廠區內亦設有美食餐廳，遊客可品嚐異國美食佳餚，包括寶萊納啤酒餐廳，提供道地經典德國料理，有德國鮮釀生啤酒、德國豬腳、肉腸及PIZZA ; 本場流專業麵店有各式中式拉麵與簡餐；泰國風味餐廳有正宗泰式菜餚，適合全家大小或是親朋好友出遊相聚。 南僑桃園觀光體驗工廠佔地3,700坪，停車便利，兼具環保知識、產業教育、餐飲美食文化及歷史傳承，來這裡走一趟，既可以了解南僑的產業，體驗多樣化DIY活動，也可以品嚐異國美食，是一間寓教於樂的生活體驗園區。（部分圖文來源：南僑桃園生活體驗園區）",跟著大廚親手體驗製作披薩、泰式春捲、泰式青木瓜沙拉的樂趣；同樣也好玩的水晶肥皂打印體驗，帶一塊專屬於自己的水晶肥皂作紀念。,886-3-2630264,桃園市333龜山區龜山工業區興邦路35號,333.0,桃園市,龜山區,1. 搭乘桃園客運5005線【桃園-三峽(經尖山)】，在薇爾文教機構站(薇爾英語)下車，沿大誠路直走右轉興邦路即抵。2. 搭乘桃園客運707線【桃園高中-桃園棒球場】，至興邦建國路口站／興邦路39號巷口站下車，步行約五分鐘即可抵達。3. 搭乘統聯客運168線【會稽國中-內壢車站】，至興邦建國路口站下車，步行約五分鐘即可抵達。,參觀時間09:30-17:00／園區餐廳營業時間11:00-21:00,https://travel.tycg.gov.tw/content/images/attractions/79111/640x480_attractions-image-f6nthv84mkuqntbdwxgdxa.png,DIY披薩 （圖片來源：南僑桃園生活體驗園區）,,,,,,376430000A,121.32477,24.98238,,1,,,,,備有停車場。,,,免費,導覽場次及預約事項：1.平日（週一至週五）&假日(週六、日及國定假日)(1) 採 10 人以上團體預約制，並請提早來電洽詢(03)263-0264，將由專人安排園區導覽解說。(2)...,,2022/11/1 16:29,"['體驗', '南僑', '桃園', 'DIY', '美食', '泰式', '工廠', '園區', '餐廳', '觀光', '活動', '遊客', '品嚐', '異國', '產業', '生活', '生啤酒', '因應', '暫停', '開放', '詳如連結', '創立', '1971', '佔地', '15', '000', '2012', '龜山', '工業區', '獲選', '多項', '古早', '比薩', '青木瓜', '讓民眾', '親自動', '手體驗', '深獲', '喜愛', '另為', '推廣餐', '廠區', '內亦設', '佳餚', '寶萊納', '經典', '德國', '有德國', '鮮釀', '德國豬', '肉腸及', 'PIZZA', '本場', '專業', '簡餐', '泰國', '風味', '菜餚', '適合', '親朋', '出遊', '700', '停車', '環保', '知識', '餐飲', '歷史', '傳承', '這裡', '多樣化', '一間', '寓教', '圖文來源', '沙拉', '文化', '中式', '即日起', '相聚', '兼具', '各式', '肥皂', '正宗', '好友', '包括', '料理', '第一家', '打印', '疫情', '水晶', '啤酒', '全家', '一趟', '便利', '可以', '或是', '推出', '教育', '大小', '成立', '了解', '提供', '部分']",2022
C1_376430000A_000477,龜山第一河濱公園,,"城市因為有水而美麗，起源自龜山的南崁溪，經過整治後，水質清澈，吸引了許多水鳥棲息，而流經市區的河濱綠地風景優美，有完善的自行車道和人行步道，無論是騎著自行車兜風欣賞沿岸風光，或是散步遛毛小孩，都是非常舒適自在的環境。第一河濱公園由於鄰近陸光二村，入口處的梅花廣場特別以五瓣梅花做為天幕造型，彰顯陸光社區愛家、愛國、愛社區的精神，做為保留眷村文化的一部份。此外，這裡也放置了多架除役軍事武器，有F-5F戰鬥機、M41A3輕型戰車、美造M1式40公厘防空快砲等，能讓軍事迷近距離觀賞，也能讓民眾對武器有進一步認識。來到第一河濱公園必定不會錯過星月橋，水藍色的橋體曲線形似雲霄飛車，在藍天相襯下格外耀眼,到了夜晚還有七彩燈光投射，充滿浪漫氛圍，無論白天或夜晚都有不同感受。此外，公園內除了有兒童遊樂設施,還有溜冰、籃球、網球、槌球等場地，以及提供樂齡族群休閒的運動區，照顧到每個年齡層的休閒需求。",騎單車沿水岸兜風，用輕快的節奏悠遊城市綠廊，是一種樂活方式﹔想要感受汗水淋漓的快感，三五好友籃球場、槌球揪一團，熱血十足。,886-3-3322101,桃園市333龜山區同心二路旁,333.0,桃園市,龜山區,龜山區公所市民免費公車L310、L311、L317、L318、L319、L321，於同心二路口站下車，步行即可抵達,全年無休,https://travel.tycg.gov.tw/content/images/attractions/81934/640x480_attractions-image-mcsowc35ykcrpymqa7xfrg.jpg,F-5F戰鬥機和星月橋相互輝映,,,,,,376430000A,121.32967,24.99581,,12,,,,,路邊停車,,,免費,,,2022/10/7 15:01,"['河濱', '公園', '無論', '還有', '休閒', '梅花', '夜晚', '自行', '除役', '武器', '因為', '美麗', '自龜山', '經過', '水質', '許多水', '鳥棲息', '流經', '市區', '綠地', '風景', '優美', '車道', '騎著', '車兜', '風欣賞', '風光', '舒適', '環境', '鄰近', '陸光二村', '廣場', '特別', '以五瓣', '彰顯', '陸光', '社區', '愛家', '愛國', '愛社區', '眷村', '這裡', '軍事', '5F', '戰鬥機', 'M41A3', '輕型', '戰車', '美造', 'M1', '40', '軍事迷', '離觀賞', '民眾', '有進', '認識', '不會', '錯過', '水藍色', '橋體', '曲線', '雲霄', '飛車', '藍天', '相襯', '燈光', '充滿', '氛圍', '有兒', '童遊樂', '設施', '溜冰', '籃球', '網球', '球等場', '樂齡', '運動區', '照顧', '每個', '年齡層', '行步', '公厘', '七彩', '族群', '第一', '多架', '天幕', '此外', '星月', '近距', '投射', '散步', '清澈', '耀眼', '浪漫', '形似', '放置', '入口', '整治', '小孩', '必定', '防空', '起源', '造型', '格外', '白天', '感受', '沿岸', '或是', '保留', '一部', '吸引', '一步', '完善', '精神', '需求', '除了', '文化', '城市', '非常', '提供', '不同', '以及']",2022
C1_376430000A_000537,壽山巖觀音寺,,兼具宗教、歷史、藝術、傳統文化之美，到壽山巖走一趟就可以深刻體會! 壽山巖觀音寺位於桃園市銜接新北市的交接地帶，當地俗稱「嶺頂廟」，於清乾隆七年草創迄今將近兩百八十年，為桃園市歷史最悠久的廟宇。正殿主祀觀世音菩薩，造型是男性戴冠，與一般女性觀音造型大不相同。 高懸正殿的「慈帆廣濟」牌匾由乾隆六十年(一七九五年)當時福建水師提督兼台灣總鎮府總兵哈當阿所題。壽山巖觀音寺整體之結構，兼具宗教藝術的美感與傳統建築工法的嚴謹，別出心裁。寺廟入口寶石陶九龍壁由當代藝術大師劉銘侮大師親自捏燒而成，整體景觀則是由園藝專家羅清吉教授設計規劃，以及不論從廟前的清幽白玉橋水池花園延伸至廟後的壽山巖櫻花公園，在在呈現匠師們精雕細琢的用心，每一處都令人嘆為觀止。每年初春時節，壽山巖公園櫻花盛開，更適合闔家出遊觀賞。 壽山巖觀音寺於2013年獲選內政部「臺灣宗教百景」之一，建廟數百年並保留其古色古香，是一座相當具有歷史韻味的宗教建築物。每年七月至八月廟方更舉辦一系列「觀音菩薩文化節」活動，完整復刻『揹菩薩祈福』傳統習俗並融合現代藝術積極復育消失五十年的傳統舞龍燈文化，「全國舞龍公開賽」更邀請各地優秀隊伍一同角逐榮耀，值得深入探訪並參與。(資料來源: 壽山巖觀音寺),雕塑秀麗的殿宇搭上小橋流水，令人彷彿置身中國宮廷，而當初春時節，則成了旅人追櫻的熱門去處，點點櫻花滿開，為莊嚴的廟宇添了幾許悠然。,886-3-3295616,桃園市333龜山區嶺頂里萬壽路二段6巷111號,333.0,桃園市,龜山區,搭乘桃園客運、三重客運9102或是桃園客運5009，在壽山巖站下車可抵。,05:00~21:00,https://travel.tycg.gov.tw/content/images/attractions/63739/640x480_attractions-image-6pjfr320lec2f5ni6_ceca.jpg,寺廟全景,,,,,,376430000A,121.36601,25.00337,,3,,,,,備有300個專屬停車位,,,無,,,2022/11/1 16:29,"['壽山', '觀音', '歷史', '傳統', '宗教', '藝術', '菩薩', '大師', '櫻花', '公園', '兼具', '正殿', '文化', '造型', '百景', '心裁', '七九', '之美', '體會', '寺位', '桃園', '市銜', '接新北市', '地帶', '當地', '俗稱', '頂廟', '草創', '將近', '桃園市', '廟宇', '主祀', '觀世音', '戴冠', '高懸', '慈帆', '廣濟', '當時', '水師', '兼台灣', '總鎮府', '總兵', '哈當', '阿所題', '整體', '結構', '建築', '工法', '嚴謹', '別出', '寺廟', '寶石', '陶九龍壁', '當代藝術', '劉銘侮', '親自', '燒而成', '整體景', '觀則', '園藝', '專家羅清吉', '設計', '規劃', '不論', '花園', '至廟', '現匠', '師們', '精雕', '細琢', '每一處', '觀止', '時節', '盛開', '適合', '出遊', '觀賞', '2013', '獲選', '內政部', '建廟數', '相當', '韻味', '建築物', '廟方', '舉辦', '活動', '傳統習', '俗並', '現代藝術', '積極', '舞龍燈', '全國', '舞龍', '公開賽', '優秀', '隊伍', '榮耀', '探訪', '並參', '資料', '來源', '百八十', '每年', '牌匾', '古色古香', '初春', '清幽', '美感', '六十年', '祈福', '水池', '五十年', '白玉', '角逐', '清乾隆', '大不相同', '交接', '提督', '悠久', '迄今', '入口', '用心', '百年', '乾隆', '七月', '八月', '一趟', '男性', '一同', '七年', '融合', '延伸', '深刻', '女性', '福建', '保留', '五年', '完整', '深入', '令人', '消失', '一座', '值得', '一系列', '各地', '教授', '之一', '具有', '一般']",2022
C1_376430000A_000972,楓樹坑,,農田、老樹、鄉間小路，原來桃園也有伯朗大道?想徜徉在完美花海，原來不是只能在大溪！境內有三個谷地的楓樹坑(又名楓樹村)，因早先時候種滿了楓樹而得名，現雖不見楓林片片的景象，倒是可以在不同季節觀賞迎風搖曳的綠色稻浪、滿山頭白茫茫的芒草、五月桐花紛飛、太陽花怒展夏日氣息等景象，隨興漫步、騎單車遊逛就是一大享受。   由光明街290巷左轉直行約160公尺來到賞花路線－中坑線、風尾坑線交叉口。中坑線一路延伸至中坑五號橋前的土地公廟，全程約4公里，坡度略大於風尾坑線。沿途除了一些小型工廠，便是一畦一畦的農田，人口密度低的楓樹坑有著鄉村獨有的悠閒感；微風與待熟的莊稼正對話，空氣中飄著火龍果香，白鷺鷥優雅飛翔，蟲鳴鳥叫成了不成調的鄉間民謠。11月收割後，農人撒上波斯菊、向日葵、百日草，農田成了花田，綺麗花色總讓人忍不住駐足。而分岔路的另一線－風尾坑線，全程約5公里，蜿蜒小路上，屹立著一棵超過兩百歲的老楓香，是楓樹坑最有名氣的地標，許多人特別前來這「北部版伯朗大道｣朝聖，老樹下乘涼喝茶，一邊欣賞藍天綠海，放空是在此時唯一需要做的事。風尾坑線的農地面積較中坑線還大，不時能見到因應地勢而比道路還高的梯田。農閒時同樣有著波斯菊、百日花海盛開，遠眺山谷，夏天桐花，秋天白芒各自爭艷，構成一片多采風景。,面向田野，讓感官被遠處的山、吹拂的風、眼前的綠而喚醒，接著在百年楓香樹下打卡，記錄邂逅另一條伯朗大道的心情記事。,886-3-3322101,桃園市333龜山區楓樹里中坑街、風尾街,333.0,桃園市,龜山區,■欲前往中坑街，可搭乘桃園免費公車L325【中坑線】，至光明街290巷、中坑6號、光宏橋、中坑二號橋、中坑17號、中坑五號橋、中坑一等沿線站牌下皆可抵■欲前往風尾街，可搭乘桃園免費公車L325【中坑線】，至光明街290巷、風尾坑一、風尾坑二、風尾坑20號、風尾坑23號、風尾坑三、風尾坑四等沿線站牌下皆可抵,全年無休,https://travel.tycg.gov.tw/content/images/attractions/8395/640x480_image635591664152662543.jpg,花草盛開,,,,,,376430000A,121.34236,25.01372,,11,,,,,路邊停車,,,,"沿途多是產業道路無路燈， 路面狹小,，不適宜晚上開車前往。",,2022/11/1 16:29,"['坑線', '風尾', '楓樹坑', '波斯菊', '農田', '鄉間', '原來', '桐花', '中坑線', '一畦', '百日', '全程', '大道', '景象', '稻浪', '花田', '公里', '老樹', '桃園', '有伯朗', '境內', '三個', '楓樹村', '時候', '種滿', '楓樹', '雖不見', '楓林', '季節', '觀賞', '風搖曳', '綠色', '滿山頭', '芒草', '紛飛', '太陽花', '怒展', '氣息', '隨興', '騎單', '車遊', '290', '左轉', '160', '賞花', '路線', '中坑', '五號', '橋前', '工廠', '鄉村', '獨有', '悠閒感', '微風', '莊稼正', '空氣', '中飄著', '火龍', '白鷺鷥', '優雅', '飛翔', '蟲鳴', '民謠', '11', '農人', '農田成', '綺麗', '總讓', '駐足', '而分', '一線', '超過', '兩百歲', '老楓', '氣的', '地標', '許多人', '特別', '前來', '版伯朗', '朝聖', '老樹下', '乘涼', '一邊', '欣賞', '藍天', '綠海', '此時', '積較', '還大', '不時', '因應', '地勢', '還高', '農閒時', '同樣', '遠眺', '白芒', '爭艷', '構成', '采風景', '花海', '果香', '土地公', '徜徉', '放空', '大溪', '片片', '公尺', '直行', '白茫茫', '岔路', '屹立', '漫步', '海盛', '梯田', '花色', '向日葵', '夏日', '人口密度', '早先', '收割', '蜿蜒', '坡度', '喝茶', '沿途', '交叉口', '小路', '秋天', '山谷', '一棵', '光明', '谷地', '五月', '完美', '又名', '有名', '夏天', '延伸', '得名', '小型', '不成', '忍不住', '一大', '享受', '一路', '路上', '便是', '各自', '道路']",2022
C1_376430000A_000980,憲光二村,,來到被現代社區住宅包圍的憲光二村，安靜的老房子、斑駁的牆面、老樹枯葉，彷彿與世隔絕，時間靜止在某一刻，有一種經歷滄桑，可以分享許多老故事的氛圍。由第一排眷舍入口處走進來，便可以看到「中華民國眷村資源中心」設在此處，是針對全國眷村串流的平台，中心以蒐集、教育、交流、推廣、跨域為主軸，盤點統整眷村資源，將珍貴記憶傳承下去，因此，憲光二村就是能夠提供寶貴資源的眷村之一。憲光二村平房式的眷舍，以一排排的座落方式排列，眷舍右側的中央榕樹廣場，是以往孩子玩耍、大人聊天的所在，50多年過去，當年種下的小樹已變成老榕樹，繼續庇蔭著這片土地。此外，這裡也是當年憲兵司令部來村裡播放愛國電影的地方，廣場瞬間變身露天電影院。值得一提的還有憲光二村44、45號，為當年自治會及婦工隊的行政空間，提供村民集會、辦活動，暑假期間憲兵司令部還會派大專兵利用自治會的空間教小朋友書法、英文等課程，像是現代的暑期安親班，目前仍保有原貌。憲光二村目前正在進行修復工程，開放的部份空間仍有活動展示、課程體驗、藝術創作...等各式活動，要將眷村文化再加以活化。若是嚮往眷村文化，走讀眷村人文歷史，來一趟憲光二村，絕對是一場獨特的文化巡禮。,走訪全桃園唯一的憲兵宿舍，裝載歲月的老皮箱、連排黑瓦平房、飄揚的國旗、老榕樹下的鞦韆...，拼湊記憶中光陰的故事。,886-3-3197132,桃園市333龜山區大同路138巷,333.0,桃園市,龜山區,桃園客運於統領百貨站上車，搭乘137號公車(桃園-銘傳大學路線)，至龜山鄉農會或大同路口，於自強南路明德路口(農會、全家路口)直行，可看到憲光二村指示牌，左轉到達目的地,週三至週六09:00~17:00,https://travel.tycg.gov.tw/content/images/attractions/81922/640x480_attractions-image-jj8cp6nwveo0quoweq6tkq.jpg,憲光二村的中央榕樹廣場是村子裡主要的活動空間,,,,,,376430000A,121.34216,24.99215,,1,,,,,,,,免費,￭15人以下團體可於一週電話預約導覽服務￭每月開館日以臉書專頁公告為準,,2022/10/7 13:08,"['眷村', '憲光二村', '眷舍', '資源', '空間', '現代', '廣場', '當年', '憲兵', '課程', '活動', '文化', '自治', '司令部', '社區', '包圍', '安靜', '斑駁', '牆面', '老樹', '枯葉', '世隔絕', '時間', '靜止', '一種', '經歷', '滄桑', '許多', '氛圍', '進來', '中華民國', '設在', '此處', '針對', '全國', '串流', '蒐集', '推廣', '跨域', '主軸', '盤點', '統整', '將珍貴', '記憶', '傳承', '能夠', '寶貴', '右側', '榕樹', '50', '過去', '當年種', '小樹', '變成', '老榕樹', '繼續', '庇蔭著', '這片', '這裡', '村裡', '愛國', '電影', '瞬間', '變身', '還有', '44', '45', '會及', '婦工隊', '集會', '辦活動', '期間', '還會', '專兵', '書法', '安親', '進行', '開放', '體驗', '藝術', '創作', '...', '要將', '走讀', '歷史', '絕對', '一場', '獨特', '巡禮', '暑期', '座落', '第一排', '值得一提', '老房子', '原貌', '部份', '小朋友', '中心', '一排排', '暑假', '影院', '提供', '活化', '平房', '各式', '玩耍', '保有', '露天', '播放', '聊天', '人文', '入口', '一刻', '目前', '英文', '分享', '一趟', '村民', '展示', '住宅', '可以', '排列', '交流', '以往', '所在', '加以', '像是', '大人', '平台', '故事', '行政', '工程', '教育', '下去', '多年', '土地', '孩子', '中央', '利用', '此外', '看到', '方式', '正在', '之一', '地方', '因此', '就是']",2022
C1_376430000A_000981,眷村故事館,,位於龜山區光峰路千禧社區旁的眷村故事館，早期為龜山區陸光三村自治會辦公室，是眷村活動集會的重要場所，經在地居民共同保存成為情感交流的好所在。桃園市政府文化局為保存眷村文化資產精神，2004年登錄歷史建築，定名為「龜山眷村故事館」，成為陸光三村改建後唯一保留的老眷村建築。在故事館內，著重在保存這段特殊的眷村歷史，以人物為主軸，展示物件為輔，從文化分析的觀點帶領遊客認識眷村，期盼透過歷史的回溯，重新詮釋在龜山這段重要的文史發展；因此，整座故事館未進行任何拆除的工程來保留建物原貌，並改採添建陳設材料的方式，創造眷村文化再生環境。在內部陳設上，除了把近年來在龜山收集到的眷村田調文史資料，透過紀錄片及聲音箱的方式呈現，讓大家更能體會到眷村生活的真實面，更特別的是，規劃單位還設計出可摺疊移動的「故事箱」，讓每個人、每個家庭的寶貝故事，都有一處屬於自己的展示空間。館內除了有眷村生活導覽展示之外，在各主題區還設計了許多讓參觀的遊客可以一同參與的眷村互動遊戲，讓大家輕鬆認識眷村的美好事物。除了實境呈現眷村文化外，每年約10月都會在此舉辦「眷村文化節」的活動，內容包括眷村美食、文物特展、影片回顧、團體表演、園遊會、手工藝DIY、故事記錄等，要讓各世代不同的族群都能體會屬於眷村的感動。就像從開始踏入陌生的村子，拿起紙、筆記錄伯伯、阿姨們的故事那一刻起，我們彼此的生命軌跡，在不知不覺中擁有了共同的生活記憶，也在不知不覺中在龜山多了好幾個家，現在，「眷村故事館」就是我們幫伯伯、阿姨們的生命故事所找到的溫暖的家，歡迎大家一同來此聆聽龜山的故事、眷村的故事，並將這些故事說給龜山人聽、說給外地人聽、說給我們的下一代聽，讓眷村文化得以永續經營。,舊皮箱、縫紉機、黑膠唱片、黑白電視機…穿梭眷村客廳、雜貨店，每一件看似不起眼的生活物品，都是一個個50﹣60年代的動人故事。,886-3-3296662,桃園市333龜山區光峰路43號,333.0,桃園市,龜山區,在桃園火車站前遠東百貨公司門口搭乘桃園客運（桃園往光華坑-林口約10-20分鐘一班)於千禧新城站（車經萬壽路左轉大同路遇龜山國中右轉）下車，再往回步行約1-3分鐘至千禧新城警衛室大榕樹過馬路可抵。,週三~週日 10:00~17:00國定假日照常開館,https://travel.tycg.gov.tw/content/images/attractions/40424/640x480_attractions-image-5t6c9iih3e6gsarewa1afa.jpg,眷村故事館,,,,,,376430000A,121.34046,24.99847,,1,,,,,路邊停車,,,免費,￭不定期舉辦創意市集、讀書會...等各項活動，詳情請上官網查詢。￭團體預約導覽可於參觀前一週電洽03-3296662，導覽時間約30分鐘，多於25人須分批導覽。,,2022/3/6 12:02,"['眷村', '故事', '龜山', '歷史', '我們', '說給', '文化', '三村', '龜山區', '陸光', '活動', '成為', '建築', '館內', '這段', '呈現', '每個', '不覺', '展示', '保存', '阿姨', '文史', '伯伯', '除了', '大家', '一同', '生活', '建物', '保留', '特展', '生命', '添建', '美好事物', '光峰', '路千禧', '社區', '會辦', '集會', '場所', '經在', '桃園', '資產', '2004', '登錄', '著重', '為主軸', '為輔', '觀點', '領遊客', '認識', '透過', '詮釋', '發展', '進行', '並改採', '創造', '環境', '內部', '設上', '田調', '資料', '透過紀', '錄片', '及聲', '體會', '實面', '更特別', '規劃', '單位', '還設', '計出', '移動', '寶貝', '一處屬', '空間', '導覽', '各主題', '區還', '設計', '許多', '參觀', '遊客', '參與', '互動', '遊戲', '實境', '10', '舉辦', '內容', '回顧', '團體', '園遊會', 'DIY', '記錄', '體會屬', '感動', '開始', '起紙', '筆記錄', '軌跡', '擁有', '記憶', '幾個', '現在', '溫暖', '歡迎', '來此', '並將', '這些', '龜山人', '永續', '經營', '公室', '共同', '回溯', '文化局', '音箱', '族群', '一刻起', '原貌', '不知', '外地人', '踏入', '方式', '整座', '美食', '期盼', '下一代', '更能', '物件', '拆除', '定名', '改建', '世代', '再生', '重要', '手工', '陌生', '近年', '自治', '村子', '情感', '文物', '市政府', '影片', '收集', '表演', '彼此', '交流', '所在']",2022
C1_376430000A_001008,龜山楓樹坑步道,,楓樹坑登山步道是桃園虎頭山眾多登山步道之一，登山入口就位於楓樹村光峰路 281巷的巷底，由此進入後，會先經過楓樹國小的側門，再由福德宮旁的車道續往上行，即可抵達主祀玄天上帝的真武殿，殿內環境清幽，也是一處參訪的好地點，廟旁有條筆直的枕木階梯就是楓樹坑登山步道的起點。沿著枕木階梯續往上行，穿越樹林後，就會來到一整片的芒草林，每到深秋的季節就是賞芒的最佳時機，此時的芒花處處盛開，飄逸的白色花穗特別引人注目，白茫茫的一片就彷彿是翻飛的雲海，堪稱是入秋後最美的景觀。除了觀賞之用，也別小看了這身形優雅的芒草，芒草本身是陽性先驅植物，在茂密的樹林裡是看不到它的蹤影，只有在陽光充足的裸露土地上才能生長，用其堅韌的生命力保護著這片土地，緊緊抓住土壤，而不用擔心一旦颳風下雨造成的土石流災害。離開了隨風搖曳的芒花，映入眼簾的是位於置高點的龜山六號涼亭，這裡可說是眺望山景的絕佳地點，步上涼亭往下眺望，視野寬闊，不但可以欣賞楓樹國小的全景、山下市區屋舍林立，運氣好的話還可以遠眺台北101高樓；四處觀望，可見虎頭山及新路坑山的山景，秋天則加碼演出隨著季節轉換成芒花搖曳的浪漫景致，頗令人驚艷。離開了視野寬闊的六號涼亭，走在寬闊的土石路上，不用擔心腳下路況崎嶇難行，仍可延續自涼亭一路行來的自然景致，遠山近草都可盡入眼簾，不費勁就能輕鬆享受盎然綠意。在經過電塔與果園後，就可以看到一大片寬廣的紅土廣場，這個平台就是多條登山步道的匯集處「停機坪」，這裡除了可停放直昇機外，假日就成為了遙控飛機玩家的大本營；也由於是多條山路的交會點，岔路分別通往虎頭山環保公園、虎頭山公園、楓樹坑等地，遊客可選擇從15號電塔方向轉折下行，沿途可回望剛剛經過的6號涼亭與新路坑山北峰，風景十分秀麗。下山時，明倫三聖宮的琉璃屋瓦伴隨著翠綠山林更顯得耀眼奪目，山下的仿歐式建築也頗具特色。步道的盡頭就是以花海聞名的楓樹村，可順路賞遊，為這段親山步道畫下完美的句點。,全程約3公里的步道，沿途自然林相豐富，除了各類常綠喬木，還有油桐、山櫻、山芙蓉、月桃、芒草等植物點綴四季風景，至高處可遠眺大棟山。,886-3-3322101,桃園市333龜山區楓樹里光峰路281巷12弄,333.0,桃園市,龜山區,可至龜山區公所，搭乘 「中坑線」免費小型公車，至楓樹國小站下車，步行可抵。,全年無休,https://travel.tycg.gov.tw/content/images/attractions/10791/640x480_files635866513809852348.jpg,福德宮旁的枕木階梯,,,,,,376430000A,121.34325,25.00633,,11,,,,,路邊停車,,,免費,位於楓樹村內，秋冬時節可順遊美麗花海。,,2022/11/1 16:29,"['步道', '虎頭', '登山', '楓樹坑', '芒草', '涼亭', '寬闊', '楓樹村', '地點', '季節', '擔心', '離開', '這裡', '視野', '坑山', '經過', '多條', '山景', '枕木', '土石', '新路', '眺望', '景致', '山下', '就是', '一整片', '上行', '花穗', '可延', '不用', '桃園', '山眾', '光峰路', '281', '巷底', '進入', '先經', '過楓', '樹國', '側門', '福德宮', '車道續', '抵達', '主祀', '玄天', '殿內', '環境', '一處', '參訪', '有條', '筆直', '階梯', '起點', '沿著', '階梯續', '樹林', '賞芒', '時機', '此時', '花處', '處盛開', '飄逸', '特別', '翻飛', '雲海', '堪稱', '景觀', '觀賞', '優雅', '陽性', '先驅', '樹林裡', '陽光', '生長', '堅韌', '保護著', '這片', '緊緊', '流災害', '隨風搖曳', '眼簾', '高點', '山六號', '絕佳', '步上', '欣賞', '楓樹國', '市區', '運氣', '話還', '遠眺', '101', '高樓', '四處', '觀望', '可見', '山及', '則加碼', '隨著', '轉換', '成芒', '花搖曳', '驚艷', '六號', '腳下', '路況', '崎嶇', '難行', '自涼亭', '遠山近', '不費勁', '綠意', '電塔', '果園', '寬廣', '紅土', '廣場', '這個', '匯集處', '停機', '機外', '成為', '遙控', '飛機', '大本營', '交會點', '分別', '山環', '保公園', '山公園', '遊客', '可選擇', '15', '號電塔', '轉折', '剛剛', '號涼亭', '風景', '秀麗', '明倫三聖宮', '隨著翠綠', '顯得', '奪目', '歐式', '建築', '盡頭', '聞名', '可順路', '賞遊', '這段']",2022
C1_376430000A_001009,虎頭山公園,,虎頭山公園座落於桃園市郊成功路三段臨南崁溪處，每天都有許多居民來公園運動晨操，假日的人潮更是暴增，連來自龜山、八德、中壢、桃園、蘆竹之民眾都愛到此健行休閒。目前已從現有的15公頃公園擴大為720公頃的風景特定區，區內規劃虎頭山、楓樹坑二大遊憩系統、三大登山系統，將虎頭山打造成北台灣重要的都會公園。三大登山系統包含虎頭山公園內的前山步道系統(含全齡友善步道、環狀步道)、與虎頭山公園外的後山環山步道和桃11線道路系統。虎頭山公園鄰近桃園市區，地勢居高臨下，為城市景觀保留了豐沛綠意，而享有「桃園後花園」的美譽。公園內規劃有多條步道系統，以顏色作為路線區分，除了園區的人行步道外，另外完整規劃出包括賞景健康步道、櫻花步道、森林體驗步道、太陽亭步道、梅園步道、生態解說步道、忠烈祠步道等七條環狀登山步道，讓遊客更容易探訪虎頭山的美景全貌。此外，前山系統另包含以架高工法打造的全齡友善步道，不僅保護動植物的原有生長環境，也提供爬山者較為舒適的健行體驗。全長共20公里的後山環山步道，由桃園區成功路沿途行經桃11線道路、龜山區苗圃道路、中坑街、光峰路，再由台一線串回原點。而促進桃林鐵路活化的桃11線道路系統，包含以無障礙坡道串連虎頭山公園與忠烈祠的虎嶺迎風步道、以及可連接虎頭山環保公園的三元步道、水汴頭步道。,想要親近山林不一定非要舟車勞頓，桃園市心後花園完善的步道系統，滿足想兜風、練腿力、賞桐花，或是來個生態之旅的你。,886-3-3946061,桃園市330桃園區成功路三段,330.0,桃園市,龜山區,由桃園復興路搭乘公車105號公車，在「桃園高中」站或「虎頭山公園」站下車，步行約5分鐘。,全年無休,https://travel.tycg.gov.tw/content/images/attractions/60021/640x480_attractions-image-b-v0vfxhzkg7tk7sf0iaeg.jpg,虎頭山公園,,,,,,376430000A,121.33002,24.99996,,11,,,,,備有停車場。,,,免費,■步道系統眾多，可依自身體力考量選擇適合的步道前往。■山區蚊蟲多，請著透氣長袖衣褲■假日遊客較多，建議搭乘大眾運輸,,2022/3/6 12:02,"['系統', '山公園', '步道', '虎頭', '桃園', '公園', '規劃', '11', '登山', '忠烈祠', '健行', '道路', '公頃', '虎頭山', '三大', '全齡', '環山步', '包含', '友善', '高工', '道外', '臨南', '許多', '來公園', '運動', '晨操', '連來', '自龜山', '八德', '中壢', '蘆竹', '之民眾', '愛到', '休閒', '現有', '15', '擴大為', '720', '風景', '區內', '楓樹坑', '二大遊', '憩系統', '將虎頭', '環狀步', '鄰近', '市區', '地勢', '居高臨', '景觀', '豐沛', '綠意', '桃園後花園', '美譽', '條步', '以顏色', '路線', '區分', '園區', '賞景', '櫻花步', '體驗步', '太陽亭', '梅園步', '生態', '解說', '七條', '環狀', '遊客', '探訪', '以架', '不僅', '保護動', '生長', '環境', '舒適', '體驗', '全長', '20', '由桃園區', '行經桃', '龜山區', '中坑', '光峰路', '一線', '串回', '原點', '促進', '鐵路', '以無障礙', '串連虎頭', '虎嶺', '迎風步', '可連', '接虎頭', '山環', '保公園', '水汴頭步', '北台', '行步', '座落', '桃林', '前山', '人潮', '成功', '苗圃', '三段', '坡道', '爬山', '全貌', '暴增', '活化', '美景', '山系', '三元', '假日', '市郊', '沿途', '打造', '享有', '特定', '原有', '保留', '完整', '森林', '公里', '健康', '更是', '居民', '每天', '植物', '容易', '除了', '造成', '另外', '城市', '此外', '提供', '包括', '重要', '以及', '目前']",2022
C1_376430000A_001274,大棟山登山步道,,名列台灣小百岳之一的大棟山，海拔高達405公尺，位於龜山龜崙嶺的制高點，又稱405高地，設有一等三角點，此處坐擁極佳視野，除了可盡覽大桃園城市風光，因位置恰處龜山、樹林、山佳、鶯歌四地交界，還能一望新北市，甚至是台北101，因此不論白天或是夜晚，大棟山總吸引許多登山客、攝影行家前來。大棟山具有多個入山口，若從圓光橋出發，可沿著福源山步道爬坡至大棟山路，約4.3公里即可抵405高地。行程前段岔路-石雲路，可通往已建廟百年的石雲禪寺；精緻的交趾陶、高聳的牌樓、與陡峭的石階，瀰漫著莊嚴氣氛。廟埕前的九芎、樟樹和茄苳樹，皆是百年老樹，濃濃綠蔭，讓旅人的心在此寧靜停泊。返回大同路，沿途行經虛空禪寺，以及錯落於山間的土雞城，便是大棟山405高地。另一通往高地的路線則由兔坑產業道路一路行經基礎忠恕道院、千佛寺等宗廟，全長約3.2公里，沿途盡是豐富的天然原始林。  405高地除了設置觀景台，並有三角點及水文觀測站的介紹看板。向東可遠眺雪山山脈、大漢溪，向西是觀音山、林口，向南是中壢、復興山區，向北是淡水河、圓山飯店。攻頂的深刻感動，與芬多精的洗滌，讓健走的疲憊消失殆盡。大棟山豐富的生態也是旅程的亮點之一；春夏之際常見鳳蝶、紫蛺蝶飛舞之姿，秋日芒草搖曳，冬天楓紅浪漫。405高地除了可串聯大同山登山步道至青龍嶺，也可至關公嶺賞蝶步道，欣賞多達30餘種的野生蝴蝶。,目睹海拔405公尺的小百岳風景，有飛機凌空飛、高鐵呼嘯過、蜿蜒淡水河、台北101屹立遠處，攻頂後的重頭戲，就是令人直呼值得。,886-3-3322101,桃園市333龜山區兔坑村,333.0,桃園市,龜山區,搭乘桃園客運5064線【桃園－三德煤礦(經龜山圓光橋)】至圓光橋站或福山宮站下,全年無休,https://travel.tycg.gov.tw/content/images/attractions/18845/640x480_files636173260895963710.jpg,405高地,,,,,,376430000A,121.35788,24.9927,,11,,,,,路邊停車,,,免費,石雲路為狹窄陡坡，不易會車,,2022/6/23 16:49,"['405', '高地', '大棟山', '龜山', '豐富', '登山', '沿途', '三角', '除了', '通往', '看板', '步道', '福源', '公里', '台灣', '小百岳', '高達', '龜崙嶺', '制高點', '設有', '此處', '擁極佳視野', '可盡覽', '大桃園', '風光', '恰處', '樹林', '山佳', '歌四地', '還能', '新北市', '101', '不論', '大棟', '許多', '攝影', '前來', '多個', '圓光橋', '出發', '沿著', '山步', '至大棟', '4.3', '石雲路', '已建廟', '石雲禪', '高聳', '牌樓', '石階', '漫著莊', '嚴氣氛', '樟樹', '濃濃綠蔭', '此寧靜', '行經', '虛空', '禪寺', '錯落', '山間', '土雞城', '路線則', '坑產業', '經基礎', '等宗廟', '全長', '3.2', '盡是', '設置', '觀景台', '並有', '點及', '觀測', '介紹', '向東', '可遠眺', '雪山山', '大漢溪', '觀音山', '中壢', '興山區', '圓山', '飯店', '攻頂', '感動', '芬多精', '洗滌', '疲憊', '殆盡', '生態', '亮點', '之際常見', '鳳蝶', '飛舞', '之姿', '芒草', '搖曳', '楓紅', '可串', '青龍嶺', '關公嶺', '賞蝶步', '欣賞', '30', '餘種', '忠恕', '百年老', '林口', '大同路', '一路行', '道院', '原始林', '淡水河', '秋日', '旅人', '公尺', '交趾', '前段', '爬坡', '岔路', '旅程', '春夏', '行家', '之一', '佛寺', '停泊', '一望', '名列', '蝴蝶', '一等', '陡峭', '浪漫', '台北', '交界', '山口', '山路', '向西', '水文', '百年', '大同', '野生', '行程', '向北', '夜晚', '冬天', '白天', '即可', '深刻', '或是', '返回']",2022
C1_376430000A_001376,國立體育大學,,國立體育大學腹地廣大，生態資源豐富。湖泊座落校區內，雁鴨悠游湖面之上，陣陣魚群穿梭往來，可進行餵食相當有趣。沿著湖畔步道行走，可享受怡然自然一派悠閒。此外還有寬廣的草原，最適合親子同遊共享天倫之樂。,走在碧綠無波的志清湖畔步道，放眼所及的風景令人感到格外宜人，偶爾可見鴨子悠閒划水﹔一旁的青翠草地席地野餐，也是一種享受。,886-3-3283201,桃園市333龜山區文化一路250號,333.0,桃園市,龜山區,■可於國立體育大學體育館站下車：桃園客運202線【體育大學﹣工四工業區】、汎航客運1211線【台北市政府﹣長庚大學】 ■可於體育大學行政教學大樓站下車：桃園客運202線【體育大學﹣工四工業區】、5057線【桃園﹣長庚醫院桃園分院(經大埔、工四工業區)】、5065線【桃園﹣體育學院(經大埔、中正運動公園】、汎航客運1211線【台北市政府﹣長庚大學】 ■可於國立體育大學志清湖站下車...,全天開放,https://travel.tycg.gov.tw/content/images/attractions/20742/640x480_files636270866027911588.jpg,國立體育大學,,,,,,376430000A,121.38667,25.03203,,18,,,,,校內停車格(除職員專用停車格),,,免費,校內停車位數量有限，請多加搭乘大眾運輸,,2021/1/7 13:10,"['國立', '體育', '大學', '廣大', '生態', '資源', '豐富', '校區', '雁鴨', '陣陣', '魚群', '往來', '進行', '相當', '沿著', '悠閒', '還有', '寬廣', '適合', '親子', '同遊', '天倫之樂', '悠游', '座落', '怡然', '湖畔', '穿梭', '腹地', '共享', '湖面', '一派', '行走', '有趣', '湖泊', '草原', '之上', '享受', '自然', '此外']",2021
C1_376430000A_001377,Global Mall 桃園A8,,環球購物中心桃園店，離桃園國際機場相當近，來自四面八方的旅客，可逛完商場後直接飛出國。購物中心提供遊客眾多選擇，不但能滿足前往國外旅客的需要，也成為林口在地人的一日生活圈。,多個流行風尚、生活日用、文具雜貨、運動休閒等特選品牌，加上特色主題餐館，讓你捷運到站立馬開買開吃，大嫌時間不夠用！,886-3-3287599#1111,桃園市333龜山區復興一路8號,333.0,桃園市,龜山區,■搭乘阿羅哈客運3888線【台北﹣嘉義】、3999線【台北﹣高雄】、國光客運1823線【台北﹣竹南】至林口站下，步行約190公尺即抵   ■搭乘桃園客運202線【體育大學﹣工四工業區】、5063線【桃園﹣醒吾中學】、5116線【桃園﹣台北長庚醫院】、三重客運708線【林口﹣南崁】、786線【板橋﹣公西】、854線【林口﹣醒吾科技大學】、858線【樹林﹣林口長庚醫院】、898線【...,11:00~22:00 (超市、部分餐廳依現場公告),https://travel.tycg.gov.tw/content/images/attractions/20744/640x480_files636270877986112592.jpg,環球購物中心桃園A8,,,,,,376430000A,121.37007,25.0606,,12,,,,,"■汽車(汽車 1小時30元)  ˙消費滿600元折抵1小時  ˙消費滿1,200元折抵2小時(折抵上限最高3小時)  ˙消費滿10,000元當日不限時數免費停車(不受折抵上限之限制...",,,,,,2021/10/18 11:09,"['購物', '旅客', '環球', '桃園', '離桃園', '國際', '機場', '相當近', '可逛', '完商場', '飛出國', '遊客', '眾多', '選擇', '滿足', '國外', '成為', '生活圈', '林口', '中心', '四面八方', '前往', '一日', '不但', '直接', '提供', '需要']",2021
C1_376430000A_001474,A8藝文中心,,為城市打造一處自在的藝文角落，讓人們享受難得的愜意時光，是A8藝文中心成立一年，參觀人數即破萬的迷人所在。位在捷運長庚醫院站共構大樓3樓的A8藝文中心，鄰近環球購物中心、長庚醫院、福容大飯店，百坪大的空間，以當代藝術與在地文化為主軸，透過展覽、文創活動、工作坊、講座等多元方式，傳遞細膩品味生活的美好。 如同開館展｢開門見風土｣的策展概念﹣打開一扇認識家園的門，以推廣在地文化而設的A8藝文中心，每一檔的展演無不富含在地元素，使本土藝術、特色店家完整呈現出人與土地、人與人的美麗火花。｢藝遊風土｣展攜手｢茶籽堂｣、版畫家沐冉，讓龜山苦茶文化被深刻的看見。｢城事‧新憶｣展帶著在地人從泛黃照片、一張車票、雜貨店海報等看似平凡的生活事物，喚起對家鄉的情感。「與众不同」展由插畫家用畫筆說出眷村故事，讓歲月凝結在畫紙上。 不只是要成為地方文化新亮點，A8藝文中心也以推廣親子藝文為主要目標。因此在｢開門見風土｣展及｢灑野｣展皆有由獨立書店展出與主題相關的繪本，打造親子共讀時光，並設計樹枝筆塗鴉、人像插畫、版畫著色&hellip;等多種體驗活動，激發孩子的想像力，實踐藝術不分齡的理念，也讓孩子深刻體驗其所生活的城市風貌。,所謂的藝術，從來就不是遙不可及，而是貼近於生活的存在﹔A8藝文中心帶你由賞畫、看老照片、玩手作，隨時開啟通往藝術的大門。,886-3-3185119,桃園市333龜山區復興一路8號3樓,333.0,桃園市,龜山區,,每週二至週日11:00~19:00，週一及國定假日休館,https://travel.tycg.gov.tw/content/images/attractions/48453/640x480_attractions-image-wxltjqxsdkgut3ericeyrg.jpg,A8藝文中心,,,,,,376430000A,121.36998,25.06051,,1,5.0,,,,￭環球購物中心停車場,,,免費,,,2022/11/1 16:30,"['藝文', 'A8', '風土', '中心', '時光', '醫院', '活動', '開門見', '推廣', '藝術', '版畫', '插畫', '親子', '體驗', '文化', '打造', '生活', '深刻', '工作坊', '著色', '展演', '一處', '人們', '難得', '愜意', '參觀', '人數', '捷運長', '共構', '大樓', '鄰近', '環球', '購物', '福容', '大飯', '百坪', '空間', '當代藝術', '為主軸', '透過', '展覽', '文創', '講座', '傳遞', '細膩', '開館展', '策展', '打開', '認識家園', '的門', '而設', '每一檔', '現出', '美麗', '藝遊', '展攜手', '茶籽堂', '家沐冉', '龜山苦', '城事', '新憶', '展帶', '地人', '從泛', '一張', '車票', '雜貨店', '海報', '喚起', '對家', '展由', '畫筆', '眷村', '凝結', '畫紙', '要成', '新亮點', '藝文為', '目標', '展及', '灑野', '展皆有', '獨立', '書店', '主題', '相關', '繪本', '共讀', '並設', '計樹枝', '筆塗鴉', 'hellip', '多種', '激發', '實踐', '分齡', '風貌', '茶文化', '想像力', '孩子', '城市', '店家', '人像', '品味', '火花', '一扇', '平凡', '家用', '迷人', '展出', '角落', '看似', '富含', '多元', '美好', '本土', '情感', '照片', '理念', '事物', '元素', '如同', '特色', '所在', '完整', '享受', '故事', '概念', '一年', '土地', '成立', '方式', '地方', '只是', '不同', '因此', '主要']",2022
C1_382000000A_110735,大棟山,,位在新北市樹林區的「大棟山」，大棟山有一顆一等三角點及一顆土地調查局圖根點，位於縱貫線尖山腳之南，為林口臺地稜脈的第一峰，又名「橫坑子」或「龜崙山」，山海拔405公尺，名列台灣小百岳之一。由於坐落於林口台地最高峰，此處還建有一座觀景台，視野極佳，可遠眺樹林、鶯歌，乃至大台北與桃園的美景，而且上山步道十分親民，不論老弱婦孺皆能輕鬆攻頂。到大棟山交通方便，離樹林、山佳、鶯歌火車站皆相距不遠，建議可從大同山行走至青龍嶺山峰，視野不僅遼闊，還可俯瞰樹林、新莊以及如長龍一般的高鐵和大漢溪，常吸引不少登山客、單車愛好者、攝影迷來賞夜景，下山後還能參觀山佳百年日式車站，並坐台鐵順遊三峽古蹟和鶯歌老街一帶。,林口臺地稜脈的第一峰，俯瞰遼闊視野,886-2-26812106,新北市238樹林區大棟山登山步道,238.0,桃園市,龜山區,"【大眾運輸】1.樹林火車站步行約1公里至文化街登山口 2.鶯歌火車站步行約0.5公里至鶯歌石登山口""",全年開放,https://newtaipei.travel/content/images/attractions/2423/640x480_a07a6051-b0fd-48a4-bb42-51637e83c6f5.jpg,大棟山遠眺樹林、鶯歌,,,,,,382000000A,121.38428,24.99599,,18,,,,,,,,,,,2022/1/17 11:15,"['大棟山', '一顆', '視野', '山佳', '林口', '新北市', '樹林區', '大棟', '點及', '調查', '局圖', '根點', '縱貫線', '腳之南', '橫坑子', '龜崙山', '405', '台灣', '小百岳', '此處還', '觀景台', '極佳', '可遠', '眺樹林', '大台北', '桃園', '親民', '不論', '婦孺', '離樹林', '歌火車', '不遠', '建議', '青龍嶺', '不僅', '遼闊', '還可', '樹林', '新莊', '如長', '高鐵', '大漢溪', '單車', '愛好者', '來賞', '還能', '參觀', '車站', '並坐', '台鐵順', '遊三峽', '一帶', '日式', '第一峰', '尖山', '老街', '山有', '公尺', '俯瞰', '夜景', '影迷', '山海拔', '美景', '老弱', '名列', '坐落', '一等', '登山', '相距', '台地', '大同', '百年', '三角', '山峰', '行走', '上山', '下山', '最高峰', '又名', '乃至', '建有', '方便', '吸引', '一座', '交通', '土地', '不少', '十分', '之一', '而且', '一般', '以及']",2022
